Transaction ID,Date,Month,Quarter,Department,Category,Subcategory,Transaction Type,Cash Inflow,Cash Outflow,Budget Amount,Actual Amount,Forecast Amount,Revenue,Operating Expense,Capital Expenditure,Accounts Receivable,Accounts Payable,Opening Cash Balance,Closing Cash Balance,Variance Amount,Variance %,Payment Status,Cost Center,Remarks
TXN-0001,2025-01-08,Jan-2025,Q1,Sales,Operating Activities,Customer Collections,Inflow,12.5,0.0,13.12,12.5,13.75,14.5,0.0,0.0,36.0,0.0,50.0,44.4,-0.62,-0.0476,Collected,CC-SALES,60-day customer collection cycle
TXN-0002,2025-01-10,Jan-2025,Q1,Sales,Operating Activities,Customer Advances,Inflow,0.6,0.0,0.57,0.6,0.63,0.0,0.0,0.0,0.0,0.0,50.0,44.4,0.03,0.0526,Collected,CC-SALES,Annual prepayment and implementation deposits
TXN-0003,2025-01-12,Jan-2025,Q1,Finance,Operating Activities,Other Income,Inflow,0.1,0.0,0.1,0.1,0.1,0.0,0.0,0.0,0.0,0.0,50.0,44.4,0.0,0.0,Received,CC-FIN,Interest income and small recoveries
TXN-0004,2025-01-14,Jan-2025,Q1,HR,Operating Activities,Salaries,Outflow,0.0,8.0,7.68,8.0,8.48,0.0,8.0,0.0,0.0,0.0,50.0,44.4,0.32,0.0417,Paid,CC-HR,Monthly payroll including benefits
TXN-0005,2025-01-16,Jan-2025,Q1,Operations,Operating Activities,Rent,Outflow,0.0,1.5,1.53,1.5,1.56,0.0,1.5,0.0,0.0,0.0,50.0,44.4,-0.03,-0.0196,Paid,CC-OPS,Office and co-working facilities
TXN-0006,2025-01-18,Jan-2025,Q1,Marketing,Operating Activities,Marketing,Outflow,0.0,3.5,3.26,3.5,3.78,0.0,3.5,0.0,0.0,0.0,50.0,44.4,0.24,0.0753,Paid,CC-MKT,Demand generation and events
TXN-0007,2025-01-20,Jan-2025,Q1,Operations,Operating Activities,Utilities,Outflow,0.0,0.6,0.57,0.6,0.63,0.0,0.6,0.0,0.0,0.0,50.0,44.4,0.03,0.0526,Paid,CC-OPS,Cloud data transfer and office utilities
TXN-0008,2025-01-22,Jan-2025,Q1,IT,Operating Activities,Software,Outflow,0.0,1.4,1.43,1.4,1.47,0.0,1.4,0.0,0.0,0.0,50.0,44.4,-0.03,-0.0196,Paid,CC-IT,SaaS tools and cloud subscriptions
TXN-0009,2025-01-24,Jan-2025,Q1,Administration,Operating Activities,Administration,Outflow,0.0,1.0,1.01,1.0,1.04,0.0,1.0,0.0,0.0,0.0,50.0,44.4,-0.01,-0.0099,Paid,CC-ADMIN,"Insurance, legal, audit and office admin"
TXN-0010,2025-01-26,Jan-2025,Q1,Operations,Operating Activities,Vendor Payments,Outflow,0.0,2.0,1.9,2.0,2.2,0.0,2.0,0.0,0.0,23.2,50.0,44.4,0.1,0.0526,Paid,CC-OPS,Implementation partners and support vendors
TXN-0011,2025-01-28,Jan-2025,Q1,Sales,Operating Activities,Travel,Outflow,0.0,0.5,0.45,0.5,0.56,0.0,0.5,0.0,0.0,0.0,50.0,44.4,0.05,0.1111,Paid,CC-SALES,Customer visits and sales travel
TXN-0012,2025-01-28,Jan-2025,Q1,Capital Expenditure,Investing Activities,Equipment Purchases,Outflow,0.0,0.0,0.0,0.0,0.0,0.0,0.0,0.0,0.0,0.0,50.0,44.4,0.0,0.0,Not Applicable,CC-CAPEX,"Laptop, networking and office equipment"
TXN-0013,2025-01-28,Jan-2025,Q1,Capital Expenditure,Investing Activities,Technology Investment,Outflow,0.0,0.0,0.0,0.0,0.0,0.0,0.0,0.0,0.0,0.0,50.0,44.4,0.0,0.0,Not Applicable,CC-CAPEX,Platform architecture and security investment
TXN-0014,2025-01-28,Jan-2025,Q1,Capital Expenditure,Investing Activities,Property/Assets,Outflow,0.0,0.0,0.0,0.0,0.0,0.0,0.0,0.0,0.0,0.0,50.0,44.4,0.0,0.0,Not Applicable,CC-CAPEX,No property purchase planned in FY2025
TXN-0015,2025-01-28,Jan-2025,Q1,Capital Expenditure,Investing Activities,Other Capital Expenditure,Outflow,0.0,0.0,0.0,0.0,0.0,0.0,0.0,0.0,0.0,0.0,50.0,44.4,0.0,0.0,Not Applicable,CC-CAPEX,Placeholder for future approved asset projects
TXN-0016,2025-01-28,Jan-2025,Q1,Finance,Financing Activities,Loan Proceeds,Inflow,0.0,0.0,0.0,0.0,0.0,0.0,0.0,0.0,0.0,0.0,50.0,44.4,0.0,0.0,Not Applicable,CC-FIN,Working capital term loan drawdown
TXN-0017,2025-01-28,Jan-2025,Q1,Finance,Financing Activities,Loan Repayment,Outflow,0.0,0.0,0.0,0.0,0.0,0.0,0.0,0.0,0.0,0.0,50.0,44.4,0.0,0.0,Not Applicable,CC-FIN,Scheduled principal repayment
TXN-0018,2025-01-28,Jan-2025,Q1,Finance,Financing Activities,Equity Funding,Inflow,0.0,0.0,0.0,0.0,0.0,0.0,0.0,0.0,0.0,0.0,50.0,44.4,0.0,0.0,Not Applicable,CC-FIN,Series A capital contribution
TXN-0019,2025-01-28,Jan-2025,Q1,Finance,Financing Activities,Interest Payments,Outflow,0.0,0.3,0.28,0.3,0.32,0.0,0.0,0.0,0.0,0.0,50.0,44.4,0.02,0.0526,Paid,CC-FIN,Monthly interest on working capital loan
TXN-0020,2025-02-08,Feb-2025,Q1,Sales,Operating Activities,Customer Collections,Inflow,13.0,0.0,13.65,13.0,14.3,15.2,0.0,0.0,36.0,0.0,44.4,39.52,-0.65,-0.0476,Collected,CC-SALES,60-day customer collection cycle
TXN-0021,2025-02-10,Feb-2025,Q1,Sales,Operating Activities,Customer Advances,Inflow,0.5,0.0,0.47,0.5,0.53,0.0,0.0,0.0,0.0,0.0,44.4,39.52,0.03,0.0526,Collected,CC-SALES,Annual prepayment and implementation deposits
TXN-0022,2025-02-12,Feb-2025,Q1,Finance,Operating Activities,Other Income,Inflow,0.1,0.0,0.1,0.1,0.1,0.0,0.0,0.0,0.0,0.0,44.4,39.52,0.0,0.0,Received,CC-FIN,Interest income and small recoveries
TXN-0023,2025-02-14,Feb-2025,Q1,HR,Operating Activities,Salaries,Outflow,0.0,8.0,7.68,8.0,8.48,0.0,8.0,0.0,0.0,0.0,44.4,39.52,0.32,0.0417,Paid,CC-HR,Monthly payroll including benefits
TXN-0024,2025-02-16,Feb-2025,Q1,Operations,Operating Activities,Rent,Outflow,0.0,1.5,1.53,1.5,1.56,0.0,1.5,0.0,0.0,0.0,44.4,39.52,-0.03,-0.0196,Paid,CC-OPS,Office and co-working facilities
TXN-0025,2025-02-18,Feb-2025,Q1,Marketing,Operating Activities,Marketing,Outflow,0.0,3.2,2.98,3.2,3.46,0.0,3.2,0.0,0.0,0.0,44.4,39.52,0.22,0.0753,Paid,CC-MKT,Demand generation and events
TXN-0026,2025-02-20,Feb-2025,Q1,Operations,Operating Activities,Utilities,Outflow,0.0,0.58,0.55,0.58,0.61,0.0,0.58,0.0,0.0,0.0,44.4,39.52,0.03,0.0526,Paid,CC-OPS,Cloud data transfer and office utilities
TXN-0027,2025-02-22,Feb-2025,Q1,IT,Operating Activities,Software,Outflow,0.0,1.4,1.43,1.4,1.47,0.0,1.4,0.0,0.0,0.0,44.4,39.52,-0.03,-0.0196,Paid,CC-IT,SaaS tools and cloud subscriptions
TXN-0028,2025-02-24,Feb-2025,Q1,Administration,Operating Activities,Administration,Outflow,0.0,0.95,0.96,0.95,0.99,0.0,0.95,0.0,0.0,0.0,44.4,39.52,-0.01,-0.0099,Paid,CC-ADMIN,"Insurance, legal, audit and office admin"
TXN-0029,2025-02-26,Feb-2025,Q1,Operations,Operating Activities,Vendor Payments,Outflow,0.0,2.1,1.99,2.1,2.31,0.0,2.1,0.0,0.0,23.2,44.4,39.52,0.11,0.0526,Paid,CC-OPS,Implementation partners and support vendors
TXN-0030,2025-02-28,Feb-2025,Q1,Sales,Operating Activities,Travel,Outflow,0.0,0.45,0.41,0.45,0.5,0.0,0.45,0.0,0.0,0.0,44.4,39.52,0.04,0.1111,Paid,CC-SALES,Customer visits and sales travel
TXN-0031,2025-02-28,Feb-2025,Q1,Capital Expenditure,Investing Activities,Equipment Purchases,Outflow,0.0,0.0,0.0,0.0,0.0,0.0,0.0,0.0,0.0,0.0,44.4,39.52,0.0,0.0,Not Applicable,CC-CAPEX,"Laptop, networking and office equipment"
TXN-0032,2025-02-28,Feb-2025,Q1,Capital Expenditure,Investing Activities,Technology Investment,Outflow,0.0,0.0,0.0,0.0,0.0,0.0,0.0,0.0,0.0,0.0,44.4,39.52,0.0,0.0,Not Applicable,CC-CAPEX,Platform architecture and security investment
TXN-0033,2025-02-28,Feb-2025,Q1,Capital Expenditure,Investing Activities,Property/Assets,Outflow,0.0,0.0,0.0,0.0,0.0,0.0,0.0,0.0,0.0,0.0,44.4,39.52,0.0,0.0,Not Applicable,CC-CAPEX,No property purchase planned in FY2025
TXN-0034,2025-02-28,Feb-2025,Q1,Capital Expenditure,Investing Activities,Other Capital Expenditure,Outflow,0.0,0.0,0.0,0.0,0.0,0.0,0.0,0.0,0.0,0.0,44.4,39.52,0.0,0.0,Not Applicable,CC-CAPEX,Placeholder for future approved asset projects
TXN-0035,2025-02-28,Feb-2025,Q1,Finance,Financing Activities,Loan Proceeds,Inflow,0.0,0.0,0.0,0.0,0.0,0.0,0.0,0.0,0.0,0.0,44.4,39.52,0.0,0.0,Not Applicable,CC-FIN,Working capital term loan drawdown
TXN-0036,2025-02-28,Feb-2025,Q1,Finance,Financing Activities,Loan Repayment,Outflow,0.0,0.0,0.0,0.0,0.0,0.0,0.0,0.0,0.0,0.0,44.4,39.52,0.0,0.0,Not Applicable,CC-FIN,Scheduled principal repayment
TXN-0037,2025-02-28,Feb-2025,Q1,Finance,Financing Activities,Equity Funding,Inflow,0.0,0.0,0.0,0.0,0.0,0.0,0.0,0.0,0.0,0.0,44.4,39.52,0.0,0.0,Not Applicable,CC-FIN,Series A capital contribution
TXN-0038,2025-02-28,Feb-2025,Q1,Finance,Financing Activities,Interest Payments,Outflow,0.0,0.3,0.28,0.3,0.32,0.0,0.0,0.0,0.0,0.0,44.4,39.52,0.02,0.0526,Paid,CC-FIN,Monthly interest on working capital loan
TXN-0039,2025-03-08,Mar-2025,Q1,Sales,Operating Activities,Customer Collections,Inflow,13.8,0.0,14.49,13.8,15.18,16.0,0.0,0.0,36.0,0.0,39.52,33.25,-0.69,-0.0476,Collected,CC-SALES,60-day customer collection cycle
TXN-0040,2025-03-10,Mar-2025,Q1,Sales,Operating Activities,Customer Advances,Inflow,0.7,0.0,0.66,0.7,0.73,0.0,0.0,0.0,0.0,0.0,39.52,33.25,0.04,0.0526,Collected,CC-SALES,Annual prepayment and implementation deposits
TXN-0041,2025-03-12,Mar-2025,Q1,Finance,Operating Activities,Other Income,Inflow,0.1,0.0,0.1,0.1,0.1,0.0,0.0,0.0,0.0,0.0,39.52,33.25,0.0,0.0,Received,CC-FIN,Interest income and small recoveries
TXN-0042,2025-03-14,Mar-2025,Q1,HR,Operating Activities,Salaries,Outflow,0.0,8.2,7.87,8.2,8.69,0.0,8.2,0.0,0.0,0.0,39.52,33.25,0.33,0.0417,Paid,CC-HR,Monthly payroll including benefits
TXN-0043,2025-03-16,Mar-2025,Q1,Operations,Operating Activities,Rent,Outflow,0.0,1.5,1.53,1.5,1.56,0.0,1.5,0.0,0.0,0.0,39.52,33.25,-0.03,-0.0196,Paid,CC-OPS,Office and co-working facilities
TXN-0044,2025-03-18,Mar-2025,Q1,Marketing,Operating Activities,Marketing,Outflow,0.0,3.5,3.26,3.5,3.78,0.0,3.5,0.0,0.0,0.0,39.52,33.25,0.24,0.0753,Paid,CC-MKT,Demand generation and events
TXN-0045,2025-03-20,Mar-2025,Q1,Operations,Operating Activities,Utilities,Outflow,0.0,0.62,0.59,0.62,0.65,0.0,0.62,0.0,0.0,0.0,39.52,33.25,0.03,0.0526,Paid,CC-OPS,Cloud data transfer and office utilities
TXN-0046,2025-03-22,Mar-2025,Q1,IT,Operating Activities,Software,Outflow,0.0,1.45,1.48,1.45,1.52,0.0,1.45,0.0,0.0,0.0,39.52,33.25,-0.03,-0.0196,Paid,CC-IT,SaaS tools and cloud subscriptions
TXN-0047,2025-03-24,Mar-2025,Q1,Administration,Operating Activities,Administration,Outflow,0.0,1.05,1.06,1.05,1.09,0.0,1.05,0.0,0.0,0.0,39.52,33.25,-0.01,-0.0099,Paid,CC-ADMIN,"Insurance, legal, audit and office admin"
TXN-0048,2025-03-26,Mar-2025,Q1,Operations,Operating Activities,Vendor Payments,Outflow,0.0,2.2,2.09,2.2,2.42,0.0,2.2,0.0,0.0,23.2,39.52,33.25,0.11,0.0526,Paid,CC-OPS,Implementation partners and support vendors
TXN-0049,2025-03-28,Mar-2025,Q1,Sales,Operating Activities,Travel,Outflow,0.0,0.55,0.5,0.55,0.62,0.0,0.55,0.0,0.0,0.0,39.52,33.25,0.05,0.1111,Paid,CC-SALES,Customer visits and sales travel
TXN-0050,2025-03-28,Mar-2025,Q1,Capital Expenditure,Investing Activities,Equipment Purchases,Outflow,0.0,0.0,0.0,0.0,0.0,0.0,0.0,0.0,0.0,0.0,39.52,33.25,0.0,0.0,Not Applicable,CC-CAPEX,"Laptop, networking and office equipment"
TXN-0051,2025-03-28,Mar-2025,Q1,Capital Expenditure,Investing Activities,Technology Investment,Outflow,0.0,1.5,1.35,1.5,1.68,0.0,0.0,1.5,0.0,0.0,39.52,33.25,0.15,0.1111,Paid,CC-CAPEX,Platform architecture and security investment
TXN-0052,2025-03-28,Mar-2025,Q1,Capital Expenditure,Investing Activities,Property/Assets,Outflow,0.0,0.0,0.0,0.0,0.0,0.0,0.0,0.0,0.0,0.0,39.52,33.25,0.0,0.0,Not Applicable,CC-CAPEX,No property purchase planned in FY2025
TXN-0053,2025-03-28,Mar-2025,Q1,Capital Expenditure,Investing Activities,Other Capital Expenditure,Outflow,0.0,0.0,0.0,0.0,0.0,0.0,0.0,0.0,0.0,0.0,39.52,33.25,0.0,0.0,Not Applicable,CC-CAPEX,Placeholder for future approved asset projects
TXN-0054,2025-03-28,Mar-2025,Q1,Finance,Financing Activities,Loan Proceeds,Inflow,0.0,0.0,0.0,0.0,0.0,0.0,0.0,0.0,0.0,0.0,39.52,33.25,0.0,0.0,Not Applicable,CC-FIN,Working capital term loan drawdown
TXN-0055,2025-03-28,Mar-2025,Q1,Finance,Financing Activities,Loan Repayment,Outflow,0.0,0.0,0.0,0.0,0.0,0.0,0.0,0.0,0.0,0.0,39.52,33.25,0.0,0.0,Not Applicable,CC-FIN,Scheduled principal repayment
TXN-0056,2025-03-28,Mar-2025,Q1,Finance,Financing Activities,Equity Funding,Inflow,0.0,0.0,0.0,0.0,0.0,0.0,0.0,0.0,0.0,0.0,39.52,33.25,0.0,0.0,Not Applicable,CC-FIN,Series A capital contribution
TXN-0057,2025-03-28,Mar-2025,Q1,Finance,Financing Activities,Interest Payments,Outflow,0.0,0.3,0.28,0.3,0.32,0.0,0.0,0.0,0.0,0.0,39.52,33.25,0.02,0.0526,Paid,CC-FIN,Monthly interest on working capital loan
TXN-0058,2025-04-08,Apr-2025,Q2,Sales,Operating Activities,Customer Collections,Inflow,14.5,0.0,15.23,14.5,15.95,17.0,0.0,0.0,36.0,0.0,33.25,35.75,-0.73,-0.0476,Collected,CC-SALES,60-day customer collection cycle
TXN-0059,2025-04-10,Apr-2025,Q2,Sales,Operating Activities,Customer Advances,Inflow,0.8,0.0,0.76,0.8,0.84,0.0,0.0,0.0,0.0,0.0,33.25,35.75,0.04,0.0526,Collected,CC-SALES,Annual prepayment and implementation deposits
TXN-0060,2025-04-12,Apr-2025,Q2,Finance,Operating Activities,Other Income,Inflow,0.1,0.0,0.1,0.1,0.1,0.0,0.0,0.0,0.0,0.0,33.25,35.75,0.0,0.0,Received,CC-FIN,Interest income and small recoveries
TXN-0061,2025-04-14,Apr-2025,Q2,HR,Operating Activities,Salaries,Outflow,0.0,8.2,7.87,8.2,8.69,0.0,8.2,0.0,0.0,0.0,33.25,35.75,0.33,0.0417,Paid,CC-HR,Monthly payroll including benefits
TXN-0062,2025-04-16,Apr-2025,Q2,Operations,Operating Activities,Rent,Outflow,0.0,1.5,1.53,1.5,1.56,0.0,1.5,0.0,0.0,0.0,33.25,35.75,-0.03,-0.0196,Paid,CC-OPS,Office and co-working facilities
TXN-0063,2025-04-18,Apr-2025,Q2,Marketing,Operating Activities,Marketing,Outflow,0.0,3.8,3.53,3.8,4.1,0.0,3.8,0.0,0.0,0.0,33.25,35.75,0.27,0.0753,Paid,CC-MKT,Demand generation and events
TXN-0064,2025-04-20,Apr-2025,Q2,Operations,Operating Activities,Utilities,Outflow,0.0,0.65,0.62,0.65,0.68,0.0,0.65,0.0,0.0,0.0,33.25,35.75,0.03,0.0526,Paid,CC-OPS,Cloud data transfer and office utilities
TXN-0065,2025-04-22,Apr-2025,Q2,IT,Operating Activities,Software,Outflow,0.0,1.45,1.48,1.45,1.52,0.0,1.45,0.0,0.0,0.0,33.25,35.75,-0.03,-0.0196,Paid,CC-IT,SaaS tools and cloud subscriptions
TXN-0066,2025-04-24,Apr-2025,Q2,Administration,Operating Activities,Administration,Outflow,0.0,1.1,1.11,1.1,1.14,0.0,1.1,0.0,0.0,0.0,33.25,35.75,-0.01,-0.0099,Paid,CC-ADMIN,"Insurance, legal, audit and office admin"
TXN-0067,2025-04-26,Apr-2025,Q2,Operations,Operating Activities,Vendor Payments,Outflow,0.0,2.3,2.18,2.3,2.53,0.0,2.3,0.0,0.0,23.2,33.25,35.75,0.12,0.0526,Paid,CC-OPS,Implementation partners and support vendors
TXN-0068,2025-04-28,Apr-2025,Q2,Sales,Operating Activities,Travel,Outflow,0.0,0.6,0.54,0.6,0.67,0.0,0.6,0.0,0.0,0.0,33.25,35.75,0.06,0.1111,Paid,CC-SALES,Customer visits and sales travel
TXN-0069,2025-04-28,Apr-2025,Q2,Capital Expenditure,Investing Activities,Equipment Purchases,Outflow,0.0,3.0,2.7,3.0,3.3,0.0,0.0,3.0,0.0,0.0,33.25,35.75,0.3,0.1111,Paid,CC-CAPEX,"Laptop, networking and office equipment"
TXN-0070,2025-04-28,Apr-2025,Q2,Capital Expenditure,Investing Activities,Technology Investment,Outflow,0.0,0.0,0.0,0.0,0.0,0.0,0.0,0.0,0.0,0.0,33.25,35.75,0.0,0.0,Not Applicable,CC-CAPEX,Platform architecture and security investment
TXN-0071,2025-04-28,Apr-2025,Q2,Capital Expenditure,Investing Activities,Property/Assets,Outflow,0.0,0.0,0.0,0.0,0.0,0.0,0.0,0.0,0.0,0.0,33.25,35.75,0.0,0.0,Not Applicable,CC-CAPEX,No property purchase planned in FY2025
TXN-0072,2025-04-28,Apr-2025,Q2,Capital Expenditure,Investing Activities,Other Capital Expenditure,Outflow,0.0,0.0,0.0,0.0,0.0,0.0,0.0,0.0,0.0,0.0,33.25,35.75,0.0,0.0,Not Applicable,CC-CAPEX,Placeholder for future approved asset projects
TXN-0073,2025-04-28,Apr-2025,Q2,Finance,Financing Activities,Loan Proceeds,Inflow,10.0,0.0,10.0,10.0,10.0,0.0,0.0,0.0,0.0,0.0,33.25,35.75,0.0,0.0,Received,CC-FIN,Working capital term loan drawdown
TXN-0074,2025-04-28,Apr-2025,Q2,Finance,Financing Activities,Loan Repayment,Outflow,0.0,0.0,0.0,0.0,0.0,0.0,0.0,0.0,0.0,0.0,33.25,35.75,0.0,0.0,Not Applicable,CC-FIN,Scheduled principal repayment
TXN-0075,2025-04-28,Apr-2025,Q2,Finance,Financing Activities,Equity Funding,Inflow,0.0,0.0,0.0,0.0,0.0,0.0,0.0,0.0,0.0,0.0,33.25,35.75,0.0,0.0,Not Applicable,CC-FIN,Series A capital contribution
TXN-0076,2025-04-28,Apr-2025,Q2,Finance,Financing Activities,Interest Payments,Outflow,0.0,0.3,0.28,0.3,0.32,0.0,0.0,0.0,0.0,0.0,33.25,35.75,0.02,0.0526,Paid,CC-FIN,Monthly interest on working capital loan
TXN-0077,2025-05-08,May-2025,Q2,Sales,Operating Activities,Customer Collections,Inflow,15.2,0.0,15.96,15.2,16.72,17.8,0.0,0.0,36.0,0.0,35.75,30.47,-0.76,-0.0476,Collected,CC-SALES,60-day customer collection cycle
TXN-0078,2025-05-10,May-2025,Q2,Sales,Operating Activities,Customer Advances,Inflow,0.8,0.0,0.76,0.8,0.84,0.0,0.0,0.0,0.0,0.0,35.75,30.47,0.04,0.0526,Collected,CC-SALES,Annual prepayment and implementation deposits
TXN-0079,2025-05-12,May-2025,Q2,Finance,Operating Activities,Other Income,Inflow,0.1,0.0,0.1,0.1,0.1,0.0,0.0,0.0,0.0,0.0,35.75,30.47,0.0,0.0,Received,CC-FIN,Interest income and small recoveries
TXN-0080,2025-05-14,May-2025,Q2,HR,Operating Activities,Salaries,Outflow,0.0,8.5,8.16,8.5,9.01,0.0,8.5,0.0,0.0,0.0,35.75,30.47,0.34,0.0417,Paid,CC-HR,Monthly payroll including benefits
TXN-0081,2025-05-16,May-2025,Q2,Operations,Operating Activities,Rent,Outflow,0.0,1.5,1.53,1.5,1.56,0.0,1.5,0.0,0.0,0.0,35.75,30.47,-0.03,-0.0196,Paid,CC-OPS,Office and co-working facilities
TXN-0082,2025-05-18,May-2025,Q2,Marketing,Operating Activities,Marketing,Outflow,0.0,4.0,3.72,4.0,4.32,0.0,4.0,0.0,0.0,0.0,35.75,30.47,0.28,0.0753,Paid,CC-MKT,Demand generation and events
TXN-0083,2025-05-20,May-2025,Q2,Operations,Operating Activities,Utilities,Outflow,0.0,0.68,0.65,0.68,0.71,0.0,0.68,0.0,0.0,0.0,35.75,30.47,0.03,0.0526,Paid,CC-OPS,Cloud data transfer and office utilities
TXN-0084,2025-05-22,May-2025,Q2,IT,Operating Activities,Software,Outflow,0.0,1.5,1.53,1.5,1.58,0.0,1.5,0.0,0.0,0.0,35.75,30.47,-0.03,-0.0196,Paid,CC-IT,SaaS tools and cloud subscriptions
TXN-0085,2025-05-24,May-2025,Q2,Administration,Operating Activities,Administration,Outflow,0.0,1.1,1.11,1.1,1.14,0.0,1.1,0.0,0.0,0.0,35.75,30.47,-0.01,-0.0099,Paid,CC-ADMIN,"Insurance, legal, audit and office admin"
TXN-0086,2025-05-26,May-2025,Q2,Operations,Operating Activities,Vendor Payments,Outflow,0.0,2.4,2.28,2.4,2.64,0.0,2.4,0.0,0.0,23.2,35.75,30.47,0.12,0.0526,Paid,CC-OPS,Implementation partners and support vendors
TXN-0087,2025-05-28,May-2025,Q2,Sales,Operating Activities,Travel,Outflow,0.0,0.7,0.63,0.7,0.78,0.0,0.7,0.0,0.0,0.0,35.75,30.47,0.07,0.1111,Paid,CC-SALES,Customer visits and sales travel
TXN-0088,2025-05-28,May-2025,Q2,Capital Expenditure,Investing Activities,Equipment Purchases,Outflow,0.0,0.0,0.0,0.0,0.0,0.0,0.0,0.0,0.0,0.0,35.75,30.47,0.0,0.0,Not Applicable,CC-CAPEX,"Laptop, networking and office equipment"
TXN-0089,2025-05-28,May-2025,Q2,Capital Expenditure,Investing Activities,Technology Investment,Outflow,0.0,0.0,0.0,0.0,0.0,0.0,0.0,0.0,0.0,0.0,35.75,30.47,0.0,0.0,Not Applicable,CC-CAPEX,Platform architecture and security investment
TXN-0090,2025-05-28,May-2025,Q2,Capital Expenditure,Investing Activities,Property/Assets,Outflow,0.0,0.0,0.0,0.0,0.0,0.0,0.0,0.0,0.0,0.0,35.75,30.47,0.0,0.0,Not Applicable,CC-CAPEX,No property purchase planned in FY2025
TXN-0091,2025-05-28,May-2025,Q2,Capital Expenditure,Investing Activities,Other Capital Expenditure,Outflow,0.0,0.0,0.0,0.0,0.0,0.0,0.0,0.0,0.0,0.0,35.75,30.47,0.0,0.0,Not Applicable,CC-CAPEX,Placeholder for future approved asset projects
TXN-0092,2025-05-28,May-2025,Q2,Finance,Financing Activities,Loan Proceeds,Inflow,0.0,0.0,0.0,0.0,0.0,0.0,0.0,0.0,0.0,0.0,35.75,30.47,0.0,0.0,Not Applicable,CC-FIN,Working capital term loan drawdown
TXN-0093,2025-05-28,May-2025,Q2,Finance,Financing Activities,Loan Repayment,Outflow,0.0,0.7,0.7,0.7,0.7,0.0,0.0,0.0,0.0,0.0,35.75,30.47,0.0,0.0,Paid,CC-FIN,Scheduled principal repayment
TXN-0094,2025-05-28,May-2025,Q2,Finance,Financing Activities,Equity Funding,Inflow,0.0,0.0,0.0,0.0,0.0,0.0,0.0,0.0,0.0,0.0,35.75,30.47,0.0,0.0,Not Applicable,CC-FIN,Series A capital contribution
TXN-0095,2025-05-28,May-2025,Q2,Finance,Financing Activities,Interest Payments,Outflow,0.0,0.3,0.28,0.3,0.32,0.0,0.0,0.0,0.0,0.0,35.75,30.47,0.02,0.0526,Paid,CC-FIN,Monthly interest on working capital loan
TXN-0096,2025-06-08,Jun-2025,Q2,Sales,Operating Activities,Customer Collections,Inflow,16.0,0.0,16.8,16.0,17.6,18.6,0.0,0.0,36.0,0.0,30.47,25.67,-0.8,-0.0476,Collected,CC-SALES,60-day customer collection cycle
TXN-0097,2025-06-10,Jun-2025,Q2,Sales,Operating Activities,Customer Advances,Inflow,0.9,0.0,0.85,0.9,0.95,0.0,0.0,0.0,0.0,0.0,30.47,25.67,0.05,0.0526,Collected,CC-SALES,Annual prepayment and implementation deposits
TXN-0098,2025-06-12,Jun-2025,Q2,Finance,Operating Activities,Other Income,Inflow,0.1,0.0,0.1,0.1,0.1,0.0,0.0,0.0,0.0,0.0,30.47,25.67,0.0,0.0,Received,CC-FIN,Interest income and small recoveries
TXN-0099,2025-06-14,Jun-2025,Q2,HR,Operating Activities,Salaries,Outflow,0.0,8.5,8.16,8.5,9.01,0.0,8.5,0.0,0.0,0.0,30.47,25.67,0.34,0.0417,Paid,CC-HR,Monthly payroll including benefits
TXN-0100,2025-06-16,Jun-2025,Q2,Operations,Operating Activities,Rent,Outflow,0.0,1.5,1.53,1.5,1.56,0.0,1.5,0.0,0.0,0.0,30.47,25.67,-0.03,-0.0196,Paid,CC-OPS,Office and co-working facilities
TXN-0101,2025-06-18,Jun-2025,Q2,Marketing,Operating Activities,Marketing,Outflow,0.0,4.2,3.91,4.2,4.54,0.0,4.2,0.0,0.0,0.0,30.47,25.67,0.29,0.0753,Paid,CC-MKT,Demand generation and events
TXN-0102,2025-06-20,Jun-2025,Q2,Operations,Operating Activities,Utilities,Outflow,0.0,0.7,0.66,0.7,0.73,0.0,0.7,0.0,0.0,0.0,30.47,25.67,0.04,0.0526,Paid,CC-OPS,Cloud data transfer and office utilities
TXN-0103,2025-06-22,Jun-2025,Q2,IT,Operating Activities,Software,Outflow,0.0,1.5,1.53,1.5,1.58,0.0,1.5,0.0,0.0,0.0,30.47,25.67,-0.03,-0.0196,Paid,CC-IT,SaaS tools and cloud subscriptions
TXN-0104,2025-06-24,Jun-2025,Q2,Administration,Operating Activities,Administration,Outflow,0.0,1.15,1.16,1.15,1.2,0.0,1.15,0.0,0.0,0.0,30.47,25.67,-0.01,-0.0099,Paid,CC-ADMIN,"Insurance, legal, audit and office admin"
TXN-0105,2025-06-26,Jun-2025,Q2,Operations,Operating Activities,Vendor Payments,Outflow,0.0,2.5,2.38,2.5,2.75,0.0,2.5,0.0,0.0,23.2,30.47,25.67,0.12,0.0526,Paid,CC-OPS,Implementation partners and support vendors
TXN-0106,2025-06-28,Jun-2025,Q2,Sales,Operating Activities,Travel,Outflow,0.0,0.75,0.68,0.75,0.84,0.0,0.75,0.0,0.0,0.0,30.47,25.67,0.07,0.1111,Paid,CC-SALES,Customer visits and sales travel
TXN-0107,2025-06-28,Jun-2025,Q2,Capital Expenditure,Investing Activities,Equipment Purchases,Outflow,0.0,0.0,0.0,0.0,0.0,0.0,0.0,0.0,0.0,0.0,30.47,25.67,0.0,0.0,Not Applicable,CC-CAPEX,"Laptop, networking and office equipment"
TXN-0108,2025-06-28,Jun-2025,Q2,Capital Expenditure,Investing Activities,Technology Investment,Outflow,0.0,0.0,0.0,0.0,0.0,0.0,0.0,0.0,0.0,0.0,30.47,25.67,0.0,0.0,Not Applicable,CC-CAPEX,Platform architecture and security investment
TXN-0109,2025-06-28,Jun-2025,Q2,Capital Expenditure,Investing Activities,Property/Assets,Outflow,0.0,0.0,0.0,0.0,0.0,0.0,0.0,0.0,0.0,0.0,30.47,25.67,0.0,0.0,Not Applicable,CC-CAPEX,No property purchase planned in FY2025
TXN-0110,2025-06-28,Jun-2025,Q2,Capital Expenditure,Investing Activities,Other Capital Expenditure,Outflow,0.0,0.0,0.0,0.0,0.0,0.0,0.0,0.0,0.0,0.0,30.47,25.67,0.0,0.0,Not Applicable,CC-CAPEX,Placeholder for future approved asset projects
TXN-0111,2025-06-28,Jun-2025,Q2,Finance,Financing Activities,Loan Proceeds,Inflow,0.0,0.0,0.0,0.0,0.0,0.0,0.0,0.0,0.0,0.0,30.47,25.67,0.0,0.0,Not Applicable,CC-FIN,Working capital term loan drawdown
TXN-0112,2025-06-28,Jun-2025,Q2,Finance,Financing Activities,Loan Repayment,Outflow,0.0,0.7,0.7,0.7,0.7,0.0,0.0,0.0,0.0,0.0,30.47,25.67,0.0,0.0,Paid,CC-FIN,Scheduled principal repayment
TXN-0113,2025-06-28,Jun-2025,Q2,Finance,Financing Activities,Equity Funding,Inflow,0.0,0.0,0.0,0.0,0.0,0.0,0.0,0.0,0.0,0.0,30.47,25.67,0.0,0.0,Not Applicable,CC-FIN,Series A capital contribution
TXN-0114,2025-06-28,Jun-2025,Q2,Finance,Financing Activities,Interest Payments,Outflow,0.0,0.3,0.28,0.3,0.32,0.0,0.0,0.0,0.0,0.0,30.47,25.67,0.02,0.0526,Paid,CC-FIN,Monthly interest on working capital loan
TXN-0115,2025-07-08,Jul-2025,Q3,Sales,Operating Activities,Customer Collections,Inflow,16.8,0.0,17.64,16.8,18.48,19.5,0.0,0.0,36.0,0.0,25.67,43.5,-0.84,-0.0476,Collected,CC-SALES,60-day customer collection cycle
TXN-0116,2025-07-10,Jul-2025,Q3,Sales,Operating Activities,Customer Advances,Inflow,0.9,0.0,0.85,0.9,0.95,0.0,0.0,0.0,0.0,0.0,25.67,43.5,0.05,0.0526,Collected,CC-SALES,Annual prepayment and implementation deposits
TXN-0117,2025-07-12,Jul-2025,Q3,Finance,Operating Activities,Other Income,Inflow,0.1,0.0,0.1,0.1,0.1,0.0,0.0,0.0,0.0,0.0,25.67,43.5,0.0,0.0,Received,CC-FIN,Interest income and small recoveries
TXN-0118,2025-07-14,Jul-2025,Q3,HR,Operating Activities,Salaries,Outflow,0.0,8.8,8.45,8.8,9.33,0.0,8.8,0.0,0.0,0.0,25.67,43.5,0.35,0.0417,Paid,CC-HR,Monthly payroll including benefits
TXN-0119,2025-07-16,Jul-2025,Q3,Operations,Operating Activities,Rent,Outflow,0.0,1.5,1.53,1.5,1.56,0.0,1.5,0.0,0.0,0.0,25.67,43.5,-0.03,-0.0196,Paid,CC-OPS,Office and co-working facilities
TXN-0120,2025-07-18,Jul-2025,Q3,Marketing,Operating Activities,Marketing,Outflow,0.0,4.0,3.72,4.0,4.32,0.0,4.0,0.0,0.0,0.0,25.67,43.5,0.28,0.0753,Paid,CC-MKT,Demand generation and events
TXN-0121,2025-07-20,Jul-2025,Q3,Operations,Operating Activities,Utilities,Outflow,0.0,0.72,0.68,0.72,0.76,0.0,0.72,0.0,0.0,0.0,25.67,43.5,0.04,0.0526,Paid,CC-OPS,Cloud data transfer and office utilities
TXN-0122,2025-07-22,Jul-2025,Q3,IT,Operating Activities,Software,Outflow,0.0,1.55,1.58,1.55,1.63,0.0,1.55,0.0,0.0,0.0,25.67,43.5,-0.03,-0.0196,Paid,CC-IT,SaaS tools and cloud subscriptions
TXN-0123,2025-07-24,Jul-2025,Q3,Administration,Operating Activities,Administration,Outflow,0.0,1.1,1.11,1.1,1.14,0.0,1.1,0.0,0.0,0.0,25.67,43.5,-0.01,-0.0099,Paid,CC-ADMIN,"Insurance, legal, audit and office admin"
TXN-0124,2025-07-26,Jul-2025,Q3,Operations,Operating Activities,Vendor Payments,Outflow,0.0,2.6,2.47,2.6,2.86,0.0,2.6,0.0,0.0,23.2,25.67,43.5,0.13,0.0526,Paid,CC-OPS,Implementation partners and support vendors
TXN-0125,2025-07-28,Jul-2025,Q3,Sales,Operating Activities,Travel,Outflow,0.0,0.7,0.63,0.7,0.78,0.0,0.7,0.0,0.0,0.0,25.67,43.5,0.07,0.1111,Paid,CC-SALES,Customer visits and sales travel
TXN-0126,2025-07-28,Jul-2025,Q3,Capital Expenditure,Investing Activities,Equipment Purchases,Outflow,0.0,0.0,0.0,0.0,0.0,0.0,0.0,0.0,0.0,0.0,25.67,43.5,0.0,0.0,Not Applicable,CC-CAPEX,"Laptop, networking and office equipment"
TXN-0127,2025-07-28,Jul-2025,Q3,Capital Expenditure,Investing Activities,Technology Investment,Outflow,0.0,1.0,0.9,1.0,1.12,0.0,0.0,1.0,0.0,0.0,25.67,43.5,0.1,0.1111,Paid,CC-CAPEX,Platform architecture and security investment
TXN-0128,2025-07-28,Jul-2025,Q3,Capital Expenditure,Investing Activities,Property/Assets,Outflow,0.0,0.0,0.0,0.0,0.0,0.0,0.0,0.0,0.0,0.0,25.67,43.5,0.0,0.0,Not Applicable,CC-CAPEX,No property purchase planned in FY2025
TXN-0129,2025-07-28,Jul-2025,Q3,Capital Expenditure,Investing Activities,Other Capital Expenditure,Outflow,0.0,0.0,0.0,0.0,0.0,0.0,0.0,0.0,0.0,0.0,25.67,43.5,0.0,0.0,Not Applicable,CC-CAPEX,Placeholder for future approved asset projects
TXN-0130,2025-07-28,Jul-2025,Q3,Finance,Financing Activities,Loan Proceeds,Inflow,0.0,0.0,0.0,0.0,0.0,0.0,0.0,0.0,0.0,0.0,25.67,43.5,0.0,0.0,Not Applicable,CC-FIN,Working capital term loan drawdown
TXN-0131,2025-07-28,Jul-2025,Q3,Finance,Financing Activities,Loan Repayment,Outflow,0.0,0.7,0.7,0.7,0.7,0.0,0.0,0.0,0.0,0.0,25.67,43.5,0.0,0.0,Paid,CC-FIN,Scheduled principal repayment
TXN-0132,2025-07-28,Jul-2025,Q3,Finance,Financing Activities,Equity Funding,Inflow,23.0,0.0,23.0,23.0,23.0,0.0,0.0,0.0,0.0,0.0,25.67,43.5,0.0,0.0,Received,CC-FIN,Series A capital contribution
TXN-0133,2025-07-28,Jul-2025,Q3,Finance,Financing Activities,Interest Payments,Outflow,0.0,0.3,0.28,0.3,0.32,0.0,0.0,0.0,0.0,0.0,25.67,43.5,0.02,0.0526,Paid,CC-FIN,Monthly interest on working capital loan
TXN-0134,2025-08-08,Aug-2025,Q3,Sales,Operating Activities,Customer Collections,Inflow,17.5,0.0,18.38,17.5,19.25,20.5,0.0,0.0,36.0,0.0,43.5,37.51,-0.88,-0.0476,Collected,CC-SALES,60-day customer collection cycle
TXN-0135,2025-08-10,Aug-2025,Q3,Sales,Operating Activities,Customer Advances,Inflow,1.0,0.0,0.95,1.0,1.05,0.0,0.0,0.0,0.0,0.0,43.5,37.51,0.05,0.0526,Collected,CC-SALES,Annual prepayment and implementation deposits
TXN-0136,2025-08-12,Aug-2025,Q3,Finance,Operating Activities,Other Income,Inflow,0.1,0.0,0.1,0.1,0.1,0.0,0.0,0.0,0.0,0.0,43.5,37.51,0.0,0.0,Received,CC-FIN,Interest income and small recoveries
TXN-0137,2025-08-14,Aug-2025,Q3,HR,Operating Activities,Salaries,Outflow,0.0,8.8,8.45,8.8,9.33,0.0,8.8,0.0,0.0,0.0,43.5,37.51,0.35,0.0417,Paid,CC-HR,Monthly payroll including benefits
TXN-0138,2025-08-16,Aug-2025,Q3,Operations,Operating Activities,Rent,Outflow,0.0,1.5,1.53,1.5,1.56,0.0,1.5,0.0,0.0,0.0,43.5,37.51,-0.03,-0.0196,Paid,CC-OPS,Office and co-working facilities
TXN-0139,2025-08-18,Aug-2025,Q3,Marketing,Operating Activities,Marketing,Outflow,0.0,4.3,4.0,4.3,4.64,0.0,4.3,0.0,0.0,0.0,43.5,37.51,0.3,0.0753,Paid,CC-MKT,Demand generation and events
TXN-0140,2025-08-20,Aug-2025,Q3,Operations,Operating Activities,Utilities,Outflow,0.0,0.74,0.7,0.74,0.78,0.0,0.74,0.0,0.0,0.0,43.5,37.51,0.04,0.0526,Paid,CC-OPS,Cloud data transfer and office utilities
TXN-0141,2025-08-22,Aug-2025,Q3,IT,Operating Activities,Software,Outflow,0.0,1.55,1.58,1.55,1.63,0.0,1.55,0.0,0.0,0.0,43.5,37.51,-0.03,-0.0196,Paid,CC-IT,SaaS tools and cloud subscriptions
TXN-0142,2025-08-24,Aug-2025,Q3,Administration,Operating Activities,Administration,Outflow,0.0,1.2,1.21,1.2,1.25,0.0,1.2,0.0,0.0,0.0,43.5,37.51,-0.01,-0.0099,Paid,CC-ADMIN,"Insurance, legal, audit and office admin"
TXN-0143,2025-08-26,Aug-2025,Q3,Operations,Operating Activities,Vendor Payments,Outflow,0.0,2.7,2.56,2.7,2.97,0.0,2.7,0.0,0.0,23.2,43.5,37.51,0.14,0.0526,Paid,CC-OPS,Implementation partners and support vendors
TXN-0144,2025-08-28,Aug-2025,Q3,Sales,Operating Activities,Travel,Outflow,0.0,0.8,0.72,0.8,0.9,0.0,0.8,0.0,0.0,0.0,43.5,37.51,0.08,0.1111,Paid,CC-SALES,Customer visits and sales travel
TXN-0145,2025-08-28,Aug-2025,Q3,Capital Expenditure,Investing Activities,Equipment Purchases,Outflow,0.0,2.0,1.8,2.0,2.2,0.0,0.0,2.0,0.0,0.0,43.5,37.51,0.2,0.1111,Paid,CC-CAPEX,"Laptop, networking and office equipment"
TXN-0146,2025-08-28,Aug-2025,Q3,Capital Expenditure,Investing Activities,Technology Investment,Outflow,0.0,0.0,0.0,0.0,0.0,0.0,0.0,0.0,0.0,0.0,43.5,37.51,0.0,0.0,Not Applicable,CC-CAPEX,Platform architecture and security investment
TXN-0147,2025-08-28,Aug-2025,Q3,Capital Expenditure,Investing Activities,Property/Assets,Outflow,0.0,0.0,0.0,0.0,0.0,0.0,0.0,0.0,0.0,0.0,43.5,37.51,0.0,0.0,Not Applicable,CC-CAPEX,No property purchase planned in FY2025
TXN-0148,2025-08-28,Aug-2025,Q3,Capital Expenditure,Investing Activities,Other Capital Expenditure,Outflow,0.0,0.0,0.0,0.0,0.0,0.0,0.0,0.0,0.0,0.0,43.5,37.51,0.0,0.0,Not Applicable,CC-CAPEX,Placeholder for future approved asset projects
TXN-0149,2025-08-28,Aug-2025,Q3,Finance,Financing Activities,Loan Proceeds,Inflow,0.0,0.0,0.0,0.0,0.0,0.0,0.0,0.0,0.0,0.0,43.5,37.51,0.0,0.0,Not Applicable,CC-FIN,Working capital term loan drawdown
TXN-0150,2025-08-28,Aug-2025,Q3,Finance,Financing Activities,Loan Repayment,Outflow,0.0,0.7,0.7,0.7,0.7,0.0,0.0,0.0,0.0,0.0,43.5,37.51,0.0,0.0,Paid,CC-FIN,Scheduled principal repayment
TXN-0151,2025-08-28,Aug-2025,Q3,Finance,Financing Activities,Equity Funding,Inflow,0.0,0.0,0.0,0.0,0.0,0.0,0.0,0.0,0.0,0.0,43.5,37.51,0.0,0.0,Not Applicable,CC-FIN,Series A capital contribution
TXN-0152,2025-08-28,Aug-2025,Q3,Finance,Financing Activities,Interest Payments,Outflow,0.0,0.3,0.28,0.3,0.32,0.0,0.0,0.0,0.0,0.0,43.5,37.51,0.02,0.0526,Paid,CC-FIN,Monthly interest on working capital loan
TXN-0153,2025-09-08,Sep-2025,Q3,Sales,Operating Activities,Customer Collections,Inflow,18.2,0.0,19.11,18.2,20.02,21.2,0.0,0.0,36.0,0.0,37.51,33.55,-0.91,-0.0476,Collected,CC-SALES,60-day customer collection cycle
TXN-0154,2025-09-10,Sep-2025,Q3,Sales,Operating Activities,Customer Advances,Inflow,1.0,0.0,0.95,1.0,1.05,0.0,0.0,0.0,0.0,0.0,37.51,33.55,0.05,0.0526,Collected,CC-SALES,Annual prepayment and implementation deposits
TXN-0155,2025-09-12,Sep-2025,Q3,Finance,Operating Activities,Other Income,Inflow,0.1,0.0,0.1,0.1,0.1,0.0,0.0,0.0,0.0,0.0,37.51,33.55,0.0,0.0,Received,CC-FIN,Interest income and small recoveries
TXN-0156,2025-09-14,Sep-2025,Q3,HR,Operating Activities,Salaries,Outflow,0.0,9.0,8.64,9.0,9.54,0.0,9.0,0.0,0.0,0.0,37.51,33.55,0.36,0.0417,Paid,CC-HR,Monthly payroll including benefits
TXN-0157,2025-09-16,Sep-2025,Q3,Operations,Operating Activities,Rent,Outflow,0.0,1.5,1.53,1.5,1.56,0.0,1.5,0.0,0.0,0.0,37.51,33.55,-0.03,-0.0196,Paid,CC-OPS,Office and co-working facilities
TXN-0158,2025-09-18,Sep-2025,Q3,Marketing,Operating Activities,Marketing,Outflow,0.0,4.5,4.19,4.5,4.86,0.0,4.5,0.0,0.0,0.0,37.51,33.55,0.31,0.0753,Paid,CC-MKT,Demand generation and events
TXN-0159,2025-09-20,Sep-2025,Q3,Operations,Operating Activities,Utilities,Outflow,0.0,0.76,0.72,0.76,0.8,0.0,0.76,0.0,0.0,0.0,37.51,33.55,0.04,0.0526,Paid,CC-OPS,Cloud data transfer and office utilities
TXN-0160,2025-09-22,Sep-2025,Q3,IT,Operating Activities,Software,Outflow,0.0,1.6,1.63,1.6,1.68,0.0,1.6,0.0,0.0,0.0,37.51,33.55,-0.03,-0.0196,Paid,CC-IT,SaaS tools and cloud subscriptions
TXN-0161,2025-09-24,Sep-2025,Q3,Administration,Operating Activities,Administration,Outflow,0.0,1.25,1.26,1.25,1.3,0.0,1.25,0.0,0.0,0.0,37.51,33.55,-0.01,-0.0099,Paid,CC-ADMIN,"Insurance, legal, audit and office admin"
TXN-0162,2025-09-26,Sep-2025,Q3,Operations,Operating Activities,Vendor Payments,Outflow,0.0,2.8,2.66,2.8,3.08,0.0,2.8,0.0,0.0,23.2,37.51,33.55,0.14,0.0526,Paid,CC-OPS,Implementation partners and support vendors
TXN-0163,2025-09-28,Sep-2025,Q3,Sales,Operating Activities,Travel,Outflow,0.0,0.85,0.77,0.85,0.95,0.0,0.85,0.0,0.0,0.0,37.51,33.55,0.08,0.1111,Paid,CC-SALES,Customer visits and sales travel
TXN-0164,2025-09-28,Sep-2025,Q3,Capital Expenditure,Investing Activities,Equipment Purchases,Outflow,0.0,0.0,0.0,0.0,0.0,0.0,0.0,0.0,0.0,0.0,37.51,33.55,0.0,0.0,Not Applicable,CC-CAPEX,"Laptop, networking and office equipment"
TXN-0165,2025-09-28,Sep-2025,Q3,Capital Expenditure,Investing Activities,Technology Investment,Outflow,0.0,0.0,0.0,0.0,0.0,0.0,0.0,0.0,0.0,0.0,37.51,33.55,0.0,0.0,Not Applicable,CC-CAPEX,Platform architecture and security investment
TXN-0166,2025-09-28,Sep-2025,Q3,Capital Expenditure,Investing Activities,Property/Assets,Outflow,0.0,0.0,0.0,0.0,0.0,0.0,0.0,0.0,0.0,0.0,37.51,33.55,0.0,0.0,Not Applicable,CC-CAPEX,No property purchase planned in FY2025
TXN-0167,2025-09-28,Sep-2025,Q3,Capital Expenditure,Investing Activities,Other Capital Expenditure,Outflow,0.0,0.0,0.0,0.0,0.0,0.0,0.0,0.0,0.0,0.0,37.51,33.55,0.0,0.0,Not Applicable,CC-CAPEX,Placeholder for future approved asset projects
TXN-0168,2025-09-28,Sep-2025,Q3,Finance,Financing Activities,Loan Proceeds,Inflow,0.0,0.0,0.0,0.0,0.0,0.0,0.0,0.0,0.0,0.0,37.51,33.55,0.0,0.0,Not Applicable,CC-FIN,Working capital term loan drawdown
TXN-0169,2025-09-28,Sep-2025,Q3,Finance,Financing Activities,Loan Repayment,Outflow,0.0,0.7,0.7,0.7,0.7,0.0,0.0,0.0,0.0,0.0,37.51,33.55,0.0,0.0,Paid,CC-FIN,Scheduled principal repayment
TXN-0170,2025-09-28,Sep-2025,Q3,Finance,Financing Activities,Equity Funding,Inflow,0.0,0.0,0.0,0.0,0.0,0.0,0.0,0.0,0.0,0.0,37.51,33.55,0.0,0.0,Not Applicable,CC-FIN,Series A capital contribution
TXN-0171,2025-09-28,Sep-2025,Q3,Finance,Financing Activities,Interest Payments,Outflow,0.0,0.3,0.28,0.3,0.32,0.0,0.0,0.0,0.0,0.0,37.51,33.55,0.02,0.0526,Paid,CC-FIN,Monthly interest on working capital loan
TXN-0172,2025-10-08,Oct-2025,Q4,Sales,Operating Activities,Customer Collections,Inflow,19.0,0.0,19.95,19.0,20.9,22.5,0.0,0.0,36.0,0.0,33.55,29.25,-0.95,-0.0476,Collected,CC-SALES,60-day customer collection cycle
TXN-0173,2025-10-10,Oct-2025,Q4,Sales,Operating Activities,Customer Advances,Inflow,1.1,0.0,1.04,1.1,1.16,0.0,0.0,0.0,0.0,0.0,33.55,29.25,0.06,0.0526,Collected,CC-SALES,Annual prepayment and implementation deposits
TXN-0174,2025-10-12,Oct-2025,Q4,Finance,Operating Activities,Other Income,Inflow,0.1,0.0,0.1,0.1,0.1,0.0,0.0,0.0,0.0,0.0,33.55,29.25,0.0,0.0,Received,CC-FIN,Interest income and small recoveries
TXN-0175,2025-10-14,Oct-2025,Q4,HR,Operating Activities,Salaries,Outflow,0.0,9.2,8.83,9.2,9.75,0.0,9.2,0.0,0.0,0.0,33.55,29.25,0.37,0.0417,Paid,CC-HR,Monthly payroll including benefits
TXN-0176,2025-10-16,Oct-2025,Q4,Operations,Operating Activities,Rent,Outflow,0.0,1.5,1.53,1.5,1.56,0.0,1.5,0.0,0.0,0.0,33.55,29.25,-0.03,-0.0196,Paid,CC-OPS,Office and co-working facilities
TXN-0177,2025-10-18,Oct-2025,Q4,Marketing,Operating Activities,Marketing,Outflow,0.0,5.0,4.65,5.0,5.4,0.0,5.0,0.0,0.0,0.0,33.55,29.25,0.35,0.0753,Paid,CC-MKT,Demand generation and events
TXN-0178,2025-10-20,Oct-2025,Q4,Operations,Operating Activities,Utilities,Outflow,0.0,0.8,0.76,0.8,0.84,0.0,0.8,0.0,0.0,0.0,33.55,29.25,0.04,0.0526,Paid,CC-OPS,Cloud data transfer and office utilities
TXN-0179,2025-10-22,Oct-2025,Q4,IT,Operating Activities,Software,Outflow,0.0,1.6,1.63,1.6,1.68,0.0,1.6,0.0,0.0,0.0,33.55,29.25,-0.03,-0.0196,Paid,CC-IT,SaaS tools and cloud subscriptions
TXN-0180,2025-10-24,Oct-2025,Q4,Administration,Operating Activities,Administration,Outflow,0.0,1.3,1.31,1.3,1.35,0.0,1.3,0.0,0.0,0.0,33.55,29.25,-0.01,-0.0099,Paid,CC-ADMIN,"Insurance, legal, audit and office admin"
TXN-0181,2025-10-26,Oct-2025,Q4,Operations,Operating Activities,Vendor Payments,Outflow,0.0,3.0,2.85,3.0,3.3,0.0,3.0,0.0,0.0,23.2,33.55,29.25,0.15,0.0526,Paid,CC-OPS,Implementation partners and support vendors
TXN-0182,2025-10-28,Oct-2025,Q4,Sales,Operating Activities,Travel,Outflow,0.0,1.1,0.99,1.1,1.23,0.0,1.1,0.0,0.0,0.0,33.55,29.25,0.11,0.1111,Paid,CC-SALES,Customer visits and sales travel
TXN-0183,2025-10-28,Oct-2025,Q4,Capital Expenditure,Investing Activities,Equipment Purchases,Outflow,0.0,0.0,0.0,0.0,0.0,0.0,0.0,0.0,0.0,0.0,33.55,29.25,0.0,0.0,Not Applicable,CC-CAPEX,"Laptop, networking and office equipment"
TXN-0184,2025-10-28,Oct-2025,Q4,Capital Expenditure,Investing Activities,Technology Investment,Outflow,0.0,0.0,0.0,0.0,0.0,0.0,0.0,0.0,0.0,0.0,33.55,29.25,0.0,0.0,Not Applicable,CC-CAPEX,Platform architecture and security investment
TXN-0185,2025-10-28,Oct-2025,Q4,Capital Expenditure,Investing Activities,Property/Assets,Outflow,0.0,0.0,0.0,0.0,0.0,0.0,0.0,0.0,0.0,0.0,33.55,29.25,0.0,0.0,Not Applicable,CC-CAPEX,No property purchase planned in FY2025
TXN-0186,2025-10-28,Oct-2025,Q4,Capital Expenditure,Investing Activities,Other Capital Expenditure,Outflow,0.0,0.0,0.0,0.0,0.0,0.0,0.0,0.0,0.0,0.0,33.55,29.25,0.0,0.0,Not Applicable,CC-CAPEX,Placeholder for future approved asset projects
TXN-0187,2025-10-28,Oct-2025,Q4,Finance,Financing Activities,Loan Proceeds,Inflow,0.0,0.0,0.0,0.0,0.0,0.0,0.0,0.0,0.0,0.0,33.55,29.25,0.0,0.0,Not Applicable,CC-FIN,Working capital term loan drawdown
TXN-0188,2025-10-28,Oct-2025,Q4,Finance,Financing Activities,Loan Repayment,Outflow,0.0,0.7,0.7,0.7,0.7,0.0,0.0,0.0,0.0,0.0,33.55,29.25,0.0,0.0,Paid,CC-FIN,Scheduled principal repayment
TXN-0189,2025-10-28,Oct-2025,Q4,Finance,Financing Activities,Equity Funding,Inflow,0.0,0.0,0.0,0.0,0.0,0.0,0.0,0.0,0.0,0.0,33.55,29.25,0.0,0.0,Not Applicable,CC-FIN,Series A capital contribution
TXN-0190,2025-10-28,Oct-2025,Q4,Finance,Financing Activities,Interest Payments,Outflow,0.0,0.3,0.28,0.3,0.32,0.0,0.0,0.0,0.0,0.0,33.55,29.25,0.02,0.0526,Paid,CC-FIN,Monthly interest on working capital loan
TXN-0191,2025-11-08,Nov-2025,Q4,Sales,Operating Activities,Customer Collections,Inflow,20.5,0.0,21.53,20.5,22.55,24.0,0.0,0.0,36.0,0.0,29.25,19.6,-1.03,-0.0476,Collected,CC-SALES,60-day customer collection cycle
TXN-0192,2025-11-10,Nov-2025,Q4,Sales,Operating Activities,Customer Advances,Inflow,1.2,0.0,1.14,1.2,1.26,0.0,0.0,0.0,0.0,0.0,29.25,19.6,0.06,0.0526,Collected,CC-SALES,Annual prepayment and implementation deposits
TXN-0193,2025-11-12,Nov-2025,Q4,Finance,Operating Activities,Other Income,Inflow,0.1,0.0,0.1,0.1,0.1,0.0,0.0,0.0,0.0,0.0,29.25,19.6,0.0,0.0,Received,CC-FIN,Interest income and small recoveries
TXN-0194,2025-11-14,Nov-2025,Q4,HR,Operating Activities,Salaries,Outflow,0.0,9.2,8.83,9.2,9.75,0.0,9.2,0.0,0.0,0.0,29.25,19.6,0.37,0.0417,Paid,CC-HR,Monthly payroll including benefits
TXN-0195,2025-11-16,Nov-2025,Q4,Operations,Operating Activities,Rent,Outflow,0.0,1.5,1.53,1.5,1.56,0.0,1.5,0.0,0.0,0.0,29.25,19.6,-0.03,-0.0196,Paid,CC-OPS,Office and co-working facilities
TXN-0196,2025-11-18,Nov-2025,Q4,Marketing,Operating Activities,Marketing,Outflow,0.0,5.5,5.12,5.5,5.94,0.0,5.5,0.0,0.0,0.0,29.25,19.6,0.38,0.0753,Paid,CC-MKT,Demand generation and events
TXN-0197,2025-11-20,Nov-2025,Q4,Operations,Operating Activities,Utilities,Outflow,0.0,0.85,0.81,0.85,0.89,0.0,0.85,0.0,0.0,0.0,29.25,19.6,0.04,0.0526,Paid,CC-OPS,Cloud data transfer and office utilities
TXN-0198,2025-11-22,Nov-2025,Q4,IT,Operating Activities,Software,Outflow,0.0,1.65,1.68,1.65,1.73,0.0,1.65,0.0,0.0,0.0,29.25,19.6,-0.03,-0.0196,Paid,CC-IT,SaaS tools and cloud subscriptions
TXN-0199,2025-11-24,Nov-2025,Q4,Administration,Operating Activities,Administration,Outflow,0.0,1.35,1.36,1.35,1.4,0.0,1.35,0.0,0.0,0.0,29.25,19.6,-0.01,-0.0099,Paid,CC-ADMIN,"Insurance, legal, audit and office admin"
TXN-0200,2025-11-26,Nov-2025,Q4,Operations,Operating Activities,Vendor Payments,Outflow,0.0,3.2,3.04,3.2,3.52,0.0,3.2,0.0,0.0,23.2,29.25,19.6,0.16,0.0526,Paid,CC-OPS,Implementation partners and support vendors
TXN-0201,2025-11-28,Nov-2025,Q4,Sales,Operating Activities,Travel,Outflow,0.0,1.2,1.08,1.2,1.34,0.0,1.2,0.0,0.0,0.0,29.25,19.6,0.12,0.1111,Paid,CC-SALES,Customer visits and sales travel
TXN-0202,2025-11-28,Nov-2025,Q4,Capital Expenditure,Investing Activities,Equipment Purchases,Outflow,0.0,4.0,3.6,4.0,4.4,0.0,0.0,4.0,0.0,0.0,29.25,19.6,0.4,0.1111,Paid,CC-CAPEX,"Laptop, networking and office equipment"
TXN-0203,2025-11-28,Nov-2025,Q4,Capital Expenditure,Investing Activities,Technology Investment,Outflow,0.0,2.0,1.8,2.0,2.24,0.0,0.0,2.0,0.0,0.0,29.25,19.6,0.2,0.1111,Paid,CC-CAPEX,Platform architecture and security investment
TXN-0204,2025-11-28,Nov-2025,Q4,Capital Expenditure,Investing Activities,Property/Assets,Outflow,0.0,0.0,0.0,0.0,0.0,0.0,0.0,0.0,0.0,0.0,29.25,19.6,0.0,0.0,Not Applicable,CC-CAPEX,No property purchase planned in FY2025
TXN-0205,2025-11-28,Nov-2025,Q4,Capital Expenditure,Investing Activities,Other Capital Expenditure,Outflow,0.0,0.0,0.0,0.0,0.0,0.0,0.0,0.0,0.0,0.0,29.25,19.6,0.0,0.0,Not Applicable,CC-CAPEX,Placeholder for future approved asset projects
TXN-0206,2025-11-28,Nov-2025,Q4,Finance,Financing Activities,Loan Proceeds,Inflow,0.0,0.0,0.0,0.0,0.0,0.0,0.0,0.0,0.0,0.0,29.25,19.6,0.0,0.0,Not Applicable,CC-FIN,Working capital term loan drawdown
TXN-0207,2025-11-28,Nov-2025,Q4,Finance,Financing Activities,Loan Repayment,Outflow,0.0,0.7,0.7,0.7,0.7,0.0,0.0,0.0,0.0,0.0,29.25,19.6,0.0,0.0,Paid,CC-FIN,Scheduled principal repayment
TXN-0208,2025-11-28,Nov-2025,Q4,Finance,Financing Activities,Equity Funding,Inflow,0.0,0.0,0.0,0.0,0.0,0.0,0.0,0.0,0.0,0.0,29.25,19.6,0.0,0.0,Not Applicable,CC-FIN,Series A capital contribution
TXN-0209,2025-11-28,Nov-2025,Q4,Finance,Financing Activities,Interest Payments,Outflow,0.0,0.3,0.28,0.3,0.32,0.0,0.0,0.0,0.0,0.0,29.25,19.6,0.02,0.0526,Paid,CC-FIN,Monthly interest on working capital loan
TXN-0210,2025-12-08,Dec-2025,Q4,Sales,Operating Activities,Customer Collections,Inflow,22.0,0.0,23.1,22.0,24.2,26.0,0.0,0.0,36.0,0.0,19.6,16.2,-1.1,-0.0476,Collected,CC-SALES,60-day customer collection cycle
TXN-0211,2025-12-10,Dec-2025,Q4,Sales,Operating Activities,Customer Advances,Inflow,1.3,0.0,1.23,1.3,1.37,0.0,0.0,0.0,0.0,0.0,19.6,16.2,0.07,0.0526,Collected,CC-SALES,Annual prepayment and implementation deposits
TXN-0212,2025-12-12,Dec-2025,Q4,Finance,Operating Activities,Other Income,Inflow,0.1,0.0,0.1,0.1,0.1,0.0,0.0,0.0,0.0,0.0,19.6,16.2,0.0,0.0,Received,CC-FIN,Interest income and small recoveries
TXN-0213,2025-12-14,Dec-2025,Q4,HR,Operating Activities,Salaries,Outflow,0.0,9.5,9.12,9.5,10.07,0.0,9.5,0.0,0.0,0.0,19.6,16.2,0.38,0.0417,Paid,CC-HR,Monthly payroll including benefits
TXN-0214,2025-12-16,Dec-2025,Q4,Operations,Operating Activities,Rent,Outflow,0.0,1.5,1.53,1.5,1.56,0.0,1.5,0.0,0.0,0.0,19.6,16.2,-0.03,-0.0196,Paid,CC-OPS,Office and co-working facilities
TXN-0215,2025-12-18,Dec-2025,Q4,Marketing,Operating Activities,Marketing,Outflow,0.0,6.0,5.58,6.0,6.48,0.0,6.0,0.0,0.0,0.0,19.6,16.2,0.42,0.0753,Paid,CC-MKT,Demand generation and events
TXN-0216,2025-12-20,Dec-2025,Q4,Operations,Operating Activities,Utilities,Outflow,0.0,0.9,0.85,0.9,0.95,0.0,0.9,0.0,0.0,0.0,19.6,16.2,0.05,0.0526,Paid,CC-OPS,Cloud data transfer and office utilities
TXN-0217,2025-12-22,Dec-2025,Q4,IT,Operating Activities,Software,Outflow,0.0,1.7,1.73,1.7,1.78,0.0,1.7,0.0,0.0,0.0,19.6,16.2,-0.03,-0.0196,Paid,CC-IT,SaaS tools and cloud subscriptions
TXN-0218,2025-12-24,Dec-2025,Q4,Administration,Operating Activities,Administration,Outflow,0.0,1.5,1.52,1.5,1.56,0.0,1.5,0.0,0.0,0.0,19.6,16.2,-0.02,-0.0099,Paid,CC-ADMIN,"Insurance, legal, audit and office admin"
TXN-0219,2025-12-26,Dec-2025,Q4,Operations,Operating Activities,Vendor Payments,Outflow,0.0,3.4,3.23,3.4,3.74,0.0,3.4,0.0,0.0,23.2,19.6,16.2,0.17,0.0526,Paid,CC-OPS,Implementation partners and support vendors
TXN-0220,2025-12-28,Dec-2025,Q4,Sales,Operating Activities,Travel,Outflow,0.0,1.3,1.17,1.3,1.46,0.0,1.3,0.0,0.0,0.0,19.6,16.2,0.13,0.1111,Paid,CC-SALES,Customer visits and sales travel
TXN-0221,2025-12-28,Dec-2025,Q4,Capital Expenditure,Investing Activities,Equipment Purchases,Outflow,0.0,0.0,0.0,0.0,0.0,0.0,0.0,0.0,0.0,0.0,19.6,16.2,0.0,0.0,Not Applicable,CC-CAPEX,"Laptop, networking and office equipment"
TXN-0222,2025-12-28,Dec-2025,Q4,Capital Expenditure,Investing Activities,Technology Investment,Outflow,0.0,0.0,0.0,0.0,0.0,0.0,0.0,0.0,0.0,0.0,19.6,16.2,0.0,0.0,Not Applicable,CC-CAPEX,Platform architecture and security investment
TXN-0223,2025-12-28,Dec-2025,Q4,Capital Expenditure,Investing Activities,Property/Assets,Outflow,0.0,0.0,0.0,0.0,0.0,0.0,0.0,0.0,0.0,0.0,19.6,16.2,0.0,0.0,Not Applicable,CC-CAPEX,No property purchase planned in FY2025
TXN-0224,2025-12-28,Dec-2025,Q4,Capital Expenditure,Investing Activities,Other Capital Expenditure,Outflow,0.0,0.0,0.0,0.0,0.0,0.0,0.0,0.0,0.0,0.0,19.6,16.2,0.0,0.0,Not Applicable,CC-CAPEX,Placeholder for future approved asset projects
TXN-0225,2025-12-28,Dec-2025,Q4,Finance,Financing Activities,Loan Proceeds,Inflow,0.0,0.0,0.0,0.0,0.0,0.0,0.0,0.0,0.0,0.0,19.6,16.2,0.0,0.0,Not Applicable,CC-FIN,Working capital term loan drawdown
TXN-0226,2025-12-28,Dec-2025,Q4,Finance,Financing Activities,Loan Repayment,Outflow,0.0,0.7,0.7,0.7,0.7,0.0,0.0,0.0,0.0,0.0,19.6,16.2,0.0,0.0,Paid,CC-FIN,Scheduled principal repayment
TXN-0227,2025-12-28,Dec-2025,Q4,Finance,Financing Activities,Equity Funding,Inflow,0.0,0.0,0.0,0.0,0.0,0.0,0.0,0.0,0.0,0.0,19.6,16.2,0.0,0.0,Not Applicable,CC-FIN,Series A capital contribution
TXN-0228,2025-12-28,Dec-2025,Q4,Finance,Financing Activities,Interest Payments,Outflow,0.0,0.3,0.28,0.3,0.32,0.0,0.0,0.0,0.0,0.0,19.6,16.2,0.02,0.0526,Paid,CC-FIN,Monthly interest on working capital loan
